data,filename
"DN240193","DN240193.png"
"DN240194","DN240194.png"
"DN240195","DN240195.png"
"DN240196","DN240196.png"
"DN240197","DN240197.png"
"DN240198","DN240198.png"
"DN240199","DN240199.png"
"DN240200","DN240200.png"
"DN240201","DN240201.png"
"DN240202","DN240202.png"
"DN240203","DN240203.png"
"DN240204","DN240204.png"
"DN240205","DN240205.png"
"DN240206","DN240206.png"
"DN240207","DN240207.png"
"DN240208","DN240208.png"
"DN240209","DN240209.png"
"DN240210","DN240210.png"
"DN240211","DN240211.png"
"DN240212","DN240212.png"
"DN240213","DN240213.png"
"DN240214","DN240214.png"
"DN240215","DN240215.png"
"DN240216","DN240216.png"
"DN240217","DN240217.png"
"DN240218","DN240218.png"
"DN240219","DN240219.png"
"DN240220","DN240220.png"
"DN240221","DN240221.png"
"DN240222","DN240222.png"
"DN240223","DN240223.png"
"DN240224","DN240224.png"
"DN240225","DN240225.png"
"DN240226","DN240226.png"
"DN240227","DN240227.png"
"DN240228","DN240228.png"
"DN240229","DN240229.png"
"DN240230","DN240230.png"
"DN240231","DN240231.png"
"DN240232","DN240232.png"
"DN240233","DN240233.png"
"DN240234","DN240234.png"
"DN240235","DN240235.png"
"DN240236","DN240236.png"
"DN240237","DN240237.png"
"DN240238","DN240238.png"
"DN240239","DN240239.png"
"DN240240","DN240240.png"
"DN240241","DN240241.png"
"DN240242","DN240242.png"
"DN240243","DN240243.png"
"DN240244","DN240244.png"
"DN240245","DN240245.png"
"DN240246","DN240246.png"
"DN240247","DN240247.png"
"DN240248","DN240248.png"
"DN240249","DN240249.png"
"DN240250","DN240250.png"
"DN240251","DN240251.png"
"DN240252","DN240252.png"
"DN240253","DN240253.png"
"DN240254","DN240254.png"
"DN240255","DN240255.png"
"DN240256","DN240256.png"
"DN240257","DN240257.png"
"DN240258","DN240258.png"
"DN240259","DN240259.png"
"DN240260","DN240260.png"